ID,Production
15,5872.342132578899
16,8140.9370785490355
20,19673.96278089119
29,20736.44071134849
34,35673.286759809234
36,4946.866697149125
40,12734.374958607305
62,43984.48096950709
65,11833.635110639218
75,30254.6604075951
85,28620.17567620036
90,1768.1410710155974
98,18731.345344653448
101,10388.931098473413
109,81065.55150266361
110,668.8085366070292
111,1752.137326770691
115,3247.173346668098
121,2523.7035631620997
127,1587.282789362823
134,11484.643233317964
138,1461.3409656232172
147,1667.0843222747856
160,1932.920521808718
166,986.3345273461501
168,1112.4868013104358
171,89809.80820565866
179,16085.234638549537
180,49997.71798330346
184,18256.999878475464
186,4551.822247120913
190,70343.76539001995
191,7494.8535311590085
196,17225.567931352023
200,1620.3868821379463
205,881.1832659009991
207,75556.73535383715
210,46416.40536498294
215,15059.59612115344
218,12595.32377227076
224,1153.2701258127508
225,7783.679039239222
232,32990.78053708831
234,14126.108289386946
252,23309.675516681196
253,1487.9374123623886
254,35968.17656946036
268,825.4198577730642
272,14484.571611715453
274,61495.837067335466
279,7131.9173140408275
284,1291.9290604002983
302,1519.3903056496172
306,14674.997509632974
312,1113.4932789673783
314,14916.58808457306
318,46169.41441646432
322,26592.294900086672
325,36512.46489348921
330,718.3153745290799
336,2596.151653161058
345,9558.736903541047
346,43551.97467290399
358,42707.170501180095
362,16772.17400074771
369,2110.612696718552
371,1271.1648439403425
376,1794.946626529654
379,2445.4556958387398
389,3078.588886265454
391,3798.7724131665154
392,8438.943203500656
393,17908.359939826
400,10159.575230336344
404,5035.891904174361
405,858.1401823086368
414,2216.5041283399332
430,1359.2927871616591
443,1222.8456479202819
449,22954.091078352412
451,15951.70042073024
455,7259.507719527503
458,9167.388386242115
471,2177.7994265725797
476,31525.48179220053
480,32080.45817790248
482,762.1989925453584
484,28775.546957931998
486,1231.4026833277662
489,2970.4326139901714
491,29118.057863985236
493,1602.5575555856055
495,7555.873990548417
498,1832.7163552895963
499,14730.000405822222
503,21682.237445381088
509,7948.506268548725
512,819.9052534734207
514,1402.5224946361054
517,1426.5016182425486
531,12704.777620232731
533,9681.073990869625
536,929.7638417407599
541,2049.842492319322
546,897.7270197677162
562,1529.584184187059
563,11530.403704440883
565,19946.060441118585
584,4251.0167145304185
599,3582.5684266892017
601,900.923710711609
613,20718.85396736287
615,1316.4651783768636
618,39389.016836720926
621,7795.134515532604
625,2201.5720129486854
630,23047.372216126816
633,3227.0820622311026
635,13856.6606255672
650,2419.58581557111
654,16909.342755854654
667,2111.0811671046627
668,13993.829567316116
681,11089.483261964213
688,2877.2114287901773
693,9938.023317035852
703,77949.53713950476
715,22207.930728477302
723,19752.370588395475
724,11729.277462343687
732,10213.364259929187
740,14851.774367674083
754,1586.8003008494638
757,26293.995376424202
759,19509.90881974542
761,14305.561458876773
762,21687.06732200823
769,5474.542046079435
784,79975.32412868289
785,2222.0795757845653
791,4962.903756888898
797,3305.7501897384195
810,2281.3327634237585
816,1357.3499771694894
820,2334.4571856141897
832,4389.88897004685
837,9203.275551303399
838,38712.341000784014
839,20702.34253898536
842,20482.72138591036
848,15272.374823243672
852,13801.983874697353
853,1465.1832549773922
865,48142.87608248005
871,57643.133679404586
873,3183.9480040439194
875,2891.9170027003624
877,45726.226138447564
879,48268.94822341295
881,14731.662203028742
897,10452.596812122467
906,2425.2404891230813
922,17034.2295506052
933,10447.001902413223
939,1896.016003789852
947,12301.686072003684
957,1467.3229656818494
966,3710.021059831935
970,2320.2859140864366
979,2750.738478113683
997,8913.827319024973
1006,2515.101267682568
1007,20118.28945624546
1008,41643.501534539115
1009,2717.3622687010234
1012,42891.79052817209
1014,43657.1889712023
1015,1237.4043529315068
1033,11366.030013237758
1040,12749.750409343957
1047,27852.85762363642
1050,14463.446007845523
1052,2400.0508069846373
1069,24909.48359208442
1071,18859.065838020815
1072,11796.48883168831
1080,12257.16948937474
1081,9403.815572273135
1083,9296.387211634034
1086,3184.644179538873
1090,819.9861273669801
1103,28515.47325028763
1105,2240.28068148836
1112,10941.306182444507
1114,1824.9789686345998
1122,7231.955604448966
1129,94444.55211294451
1132,11592.967328744568
1133,32924.005107932484
1135,8515.980851819402
1143,11519.669942367133
1150,5322.413535347468
1165,17854.57381332922
1172,16503.125354160853
1185,3160.5035595657255
1199,1166.2069060378153
1205,9401.62099463287
1211,11166.048629030889
1225,3283.3302755204736
1227,2013.558191203147
1235,809.3227180584663
1238,17213.19474173771
1239,27343.68826837994
1241,3059.45857023851
1245,17147.442173502302
1247,3092.852673205417
1252,1739.629634041729
1257,4334.984910839213
1275,1670.6949370733262
1284,16704.880429034303
1285,1243.5845039449437
1286,2950.5945294977582
1298,7894.738676031054
1300,15583.418962086058
1305,1521.1130225729642
1310,14570.396504578714
1312,9255.33267192671
1317,2485.1222746878834
1324,11400.35824761066
1325,7665.300031003755
1328,56621.79709343302
1348,17455.601672558536
1350,1857.7869230362069
1378,751.6828293221901
1382,1689.726730139256
1397,1378.6589099505525
1408,2857.294083254285
1409,10472.316197282358
1413,12124.915465135333
1415,2401.2859428068937
1418,10267.171585003582
1422,18479.39807719042
1427,48417.167800701
1428,15705.581427440911
1432,2054.317661594724
1442,46297.407913226016
1447,2850.250498104188
1450,8899.014971887078
1454,2564.6674366136026
1455,16866.983746571696
1465,6449.221099531582
1470,17429.08052884225
1471,11891.396582661251
1480,4254.666330702745
1482,39313.95623025679
1488,19683.207783045793
1498,964.5494829284513
1499,1255.3315396739092
1500,2334.418553280969
1503,3355.9865976954993
1506,10842.056580694996
1511,17126.885397266145
1518,34829.53436756468
1528,35441.969681484385
1530,11007.698383647572
1535,6729.325700807353
1545,2049.44766831529
1559,18729.74860473682
1564,3134.951064796276
1570,1479.5805440133472
1572,36744.84289846469
1573,11552.656362476313
1578,23776.711402798668
1588,20711.634015584023
1593,11975.082328827377
1594,5684.087314744175
1596,1677.5106659943806
1600,5763.974360831987
1601,1526.2574385175071
1602,1651.8046311149658
1610,43967.38694075254
1612,6647.541872289989
1615,3382.2062076980123
1621,5799.909478174319
1625,9979.950089268752
1626,12235.057058062212
1641,17865.74449590919
1645,7949.620033382759
1649,7375.240330300597
1655,24777.512173350555
1657,7082.514083368806
1660,5014.468912101239
1666,2255.56517271058
1674,2024.9031438346624
1687,17812.071034133514
1691,2445.9061756563124
1699,23551.754428020842
1704,4844.200813257279
1709,30960.074275591134
1724,2488.9502780531393
1725,9317.518664322359
1726,1330.3114540269144
1728,2255.64925861375
1730,8314.51581631569
1733,62286.18061453556
1747,6971.983769317559
1749,1568.9728087085723
1754,17554.954780874392
1760,9863.157015147164
1771,13326.79375488169
1772,1147.3689171113656
1775,8773.953558811385
1784,12197.89431740577
1788,2965.183133082333
1795,18506.346840410773
1796,2054.357656219389
1798,13346.43752632487
1799,31720.632693408494
1801,1305.6400445345525
1807,2897.6938551762064
1813,5525.855346062843
1814,1846.3425560111652
1817,4308.425898208638
1819,10568.713955694111
1827,2429.1169955377854
1838,1349.5134799118212
1853,50499.22274004173
1869,43125.03011921543
1889,13969.166405596623
1890,9637.017869206338
1891,1081.310205429594
1895,16329.81402197068
1897,20261.52285350859
1899,1762.2277604948874
1908,1704.4996444743952
1911,1409.3470202707465
1916,7646.78976454352
1921,2257.0394907142445
1922,3755.983125572385
1930,15172.889418562188
1939,2182.632675068822
1942,16364.790743790698
1952,55755.174564902874
1956,2384.386488183769
1958,2139.9332094579618
1962,40087.84203406076
1963,15719.184699738327
1964,66172.11431688632
1966,9923.435135591082
1969,35034.49688727776
1975,3898.0071909122585
1984,17863.18886900126
1986,10324.584504679768
1989,755.8791369901311
1991,6798.88987465067
2001,2488.261730931289
2002,49201.89962898244
2011,860.4781755403466
2013,11251.078853863977
2017,929.0270728382679
2032,4173.940349181531
2033,1822.8630621338607
2034,37719.79422451496
2035,11704.120723017493
2038,3373.4361112282613
2042,1060.340380758075
2043,3573.5989939262918
2051,47082.00145698862
2059,34601.67748541634
2061,1595.7613548380218
2067,36038.52148479107
2083,32442.515166567464
2084,55584.70732018299
2105,55423.756002848444
2114,19830.84954446624
2116,821.5854188384626
2119,23243.648013246435
2122,14606.305156511155
2135,20054.081290509414
2137,7609.338003077477
2153,1217.51967633307
2156,8698.2384386444
2157,41425.397126953954
2164,2200.1560323300055
2178,5155.389547536012
2183,2333.5382085959845
2197,7077.52536619576
2207,27268.642549132874
2213,30952.771251793325
2218,15716.692362606602
2221,46534.54598394899
2222,10219.190194096049
2229,2461.8029714911186
2236,8520.154423502623
2238,35979.58474409318
2241,18113.623134650585
2242,11645.974348155789
2246,55076.12804315519
2250,32158.594735879557
2253,5656.052237246249
2257,16441.751117460874
2268,94507.66245847655
2275,12531.023979432908
2276,24397.25789669834
2285,4165.165431674609
2291,14053.797986505122
2292,22892.130457939027
2297,2356.4076887056603
2298,4564.4891060252085
2301,1884.9777209260649
2307,1222.110248036286
2308,13965.904029619407
2309,3670.035330442392
2312,35813.86677501066
2313,21265.428804296764
2317,11533.226097241532
2340,12968.263113559942
2350,7978.259730029975
2353,12504.536134236187
2357,11178.3152908832
2360,6104.581856091604
2363,3893.813717968378
2364,2024.3872389187422
2367,9501.986728831253
2377,18386.418483630187
2378,1301.957619413336
2385,1688.2104918075036
2388,3178.968299911708
2389,1130.939768607548
2393,8427.93379388312
2413,1692.4226615808864
2414,80848.52748773126
2415,12404.2598190192
2416,1186.8938259024533
2430,12159.82429971269
2432,18648.30390910668
2435,12416.457372962359
2439,11444.375262689158
2440,33275.34694273866
2443,19418.552745937246
2448,14874.972975557053
2463,40717.702280411315
2466,2767.8520077637922
2469,2220.005745616105
2471,46883.11857981265
2474,988.3958583469058
2482,6289.050089979842
2485,35010.20100214449
2486,1085.134910852232
2493,31065.068609410926
2495,8307.285269654065
2499,29730.957100051866
2502,1549.1715677137252
2504,785.1164288246375
2507,7663.721567272978
2510,8156.076385433666
2519,2178.3183453414904
2530,6637.520158055727
2531,2282.740498934386
2535,5051.848012454186
2537,1715.0609541613276
2543,17342.659159629085
2552,15422.941546665837
2554,12335.560105372058
2556,9079.116447141068
2566,3494.610716988358
2573,2809.0700221488946
2576,4128.206740027327
2578,35360.42618037395
2579,965.8768264650175
2590,53652.544497445946
2593,11365.377180762725
2594,16712.71664639544
2601,33033.71002024393
2609,7016.390228694599
2613,46288.17354975512
2631,5702.12142068315
2644,38496.91700334092
2649,21013.104434485504
2651,17064.631369372717
2654,1219.6554743662987
2655,11465.715882698687
2657,8838.864193218058
2663,17125.540215235433
2666,26327.84385790533
2670,1789.4036728074916
2684,18095.391481217543
2686,1832.5569760325484
2688,11737.35969083368
2701,3229.944935339188
2702,7309.709888460631
2704,25877.477437582795
2714,5867.282780222695
2722,1134.858347346857
2724,38765.16533992823
2727,12390.983226487277
2733,14749.59904364899
2740,7190.381073987435
2747,1182.0614846890624
2757,16387.02107467916
2758,3180.204507738808
2759,17027.94928985695
2765,4510.762323227512
2766,951.8360962269253
2769,1746.1686522383259
2776,3759.2490909575527
2779,2346.9911927238018
2781,15218.904564030041
2782,747.8740739185587
2789,13191.818668587075
2793,1381.106512852671
2794,1542.215402403306
2795,9453.565614505793
2798,889.6550710629118
2805,13138.202102873205
2806,5788.2049044898795
2807,1460.3824429117044
2811,9985.435050922235
2818,7020.505540373188
2828,4706.33984458876
2830,1765.5077786092081
2835,1453.609099032572
2847,17952.364309371966
2851,1387.9678724063388
2856,8908.023716020147
2860,1631.579696465087
2862,2156.024283164207
2869,2135.474046263815
2871,5695.718339228388
2877,1376.7264841521423
2896,14158.068362443017
2921,8645.0862739413
2923,1738.81883497108
2925,1736.4782837845148
2927,5032.251074432018
2950,16274.06019755485
2964,78140.97585861447
2966,91309.68016236166
2970,2481.450284058222
2980,925.6712062950992
2982,24057.83309332874
2983,36817.400644073045
2990,2030.9999363276095
2991,16295.714275797538
3002,11225.931906143693
3004,2527.051733624589
3015,18200.051113480957
3016,917.6569384838282
3018,5571.084174990732
3029,5661.987234335898
3033,4248.461795386635
3034,5324.991850133767
3055,29871.595158848228
3056,27204.782504137554
3057,871.5180255331375
3060,12536.070939835194
3065,21813.10965160993
3068,15132.480367897213
3087,3045.9586063297556
3091,9302.863644937974
3097,2199.2030054033557
3101,1635.7846674040516
3105,16833.652234645524
3108,1723.5330166658603
3110,19983.0470166811
3114,49507.928894556484
3122,3309.2338680591847
3133,1704.2531342856585
3135,22149.177565247177
3141,20901.82705072568
3143,1092.0578113005072
3159,3026.013349731991
3160,11239.117470430365
3163,23634.776216255686
3164,34263.95433618634
3166,3104.2007783426507
3174,7537.97674605919
3175,15145.204776176284
3178,6240.898803920948
3182,22430.929445990125
3210,725.9148187101995
3211,1784.1915783168338
3217,40877.37800986871
3220,23159.497229479646
3240,10172.873470092583
3244,3569.671194692878
3261,19631.1162661381
3279,59011.03795215247
3283,1553.4825410946087
3284,20426.021154838618
3287,3383.9329598676977
3298,8841.357712142591
3302,33181.93796618905
3305,45126.05524793102
3306,34231.40725485453
3307,13252.93387325436
3319,1944.877343879456
3320,5945.735182396324
3322,1281.5599414920096
3326,7416.0051353151575
3332,3412.1399023102067
3335,24015.26940337281
3342,2208.870347907251
3349,34411.29731813399
3351,10140.565334914592
3354,38961.178500241804
3355,1514.2959506140537
3356,3265.8705411297983
3368,58272.86537898478
3380,9565.579389669583
3381,33708.34881064406
3385,5747.687390064768
3394,849.0286828828191
3397,14137.39911297964
3398,4446.9360760374175
3414,15286.283933907735
3417,8088.1905776579515
3422,2496.5770526380907
3450,1136.6817711653082
3459,2096.8442716737636
3460,1964.8576930363215
3468,7507.146459500126
3473,10587.658266949744
3477,1241.6708500197906
3480,7675.90854238836
3482,1289.250556526799
3487,2023.7758204725258
3490,7755.716460951517
3491,3884.9702592247786
3499,8390.423085207038
3500,11393.862966542216
3511,4792.123336794435
3515,19041.13683346851
3530,1231.8012837880917
3531,2204.7454500888425
3538,13620.73742424224
3556,1412.2473276293836
3557,1419.6527831950452
3560,4313.597405078349
3563,763.4651322036084
3565,1900.9982259262215
3568,15917.505095680002
3571,44182.198551881986
3572,46603.810809553
3584,2087.078446603388
3588,17021.86934718621
3607,13283.245586834064
3609,1950.8838631083424
3611,732.9500594366866
3612,12215.23459236967
3618,7617.634217444046
3619,9321.49340979323
3643,995.3151904910269
3652,885.6685998697134
3653,2609.969772664379
3655,21921.28795963045
3669,1517.9294098191394
3676,32313.226382031127
3677,16268.560478396555
3678,85008.64289858779
3679,15683.090521164511
3682,15232.883392529777
3683,3560.667338034069
3689,819.5374003319389
3690,11497.978673272914
3695,2232.0529614165216
3696,23247.31586973969
3697,1574.3713863714554
3699,39334.86203920648
3702,2269.480273690372
3706,8999.097031041492
3711,3619.520035570878
3712,2345.7515961868953
3714,36949.68481297285
3715,2607.5764391922876
3717,27376.754245683987
3721,2083.5447174658043
3726,13399.860145585148
3728,14146.12912779331
3738,5868.745346337508
3753,1380.8356012502927
3758,15927.776064003227
3765,10501.686004881869
3767,12408.394114816629
3769,40328.8606942684
3775,17364.27112575919
3779,46387.86782541368
3793,1182.127025706205
3795,8330.769464940799
3796,2027.6601897239207
3809,1934.093087060217
3812,16245.667091607995
3838,38651.26324675018
3840,7736.1527196423385
3844,3453.0626933925687
3845,1261.3083902460664
3848,9929.057559555287
3862,15205.288487824148
3868,19833.469563311715
3879,42401.8515812626
3896,1071.9435693704277
3905,1782.1727647062758
3914,866.2550729586203
3917,20121.272926602807
3922,16363.453261690289
3932,5979.359729020438
3935,3635.5657701259406
3939,28892.621084087765
3940,20573.201062055403
3947,23298.052342484953
3954,17233.986692219292
3956,4505.596456682758
3959,1827.3302217556484
3969,13785.118809662812
3971,1849.1764611219342
3980,1708.1685835738963
3981,1854.2284459437087
3987,1478.2223318681583
3989,7381.352366610161
3990,3211.9308128847933
3994,20258.582493353202
3996,22211.505179816497
3997,18135.994895265074
3998,2031.1684659519337
4004,2615.081527589935
4007,4978.145309510836
4010,15077.762524332567
4011,38773.19234308092
4016,680.7091679371516
4024,28670.568090819193
4026,5337.0445551852845
4027,23137.59853877779
4031,17306.275881773545
4034,12399.820222218266
4041,3110.758878226924
4046,12321.470240135122
4054,17742.21825727734
4058,1781.2617754539772
4067,2706.6399782181306
4070,12133.21163662345
4072,10285.78157031953
4075,1369.7737176167582
4085,13557.010505610408
4097,97789.13546533305
4098,3956.536641037086
4101,1667.5083943130735
4103,1908.6527035142233
4104,16085.817122032817
4107,2813.655367890339
4118,14148.356732287966
4136,17460.3694269354
4143,2031.5775194168184
4149,2252.2992415224876
4163,5517.694357528452
4166,2146.6941843975997
4167,5430.420060207537
4168,9654.891885794877
4176,11142.658090706722
4181,7768.453039228032
4191,5736.391918232725
4207,1988.5738001724767
4217,1725.509683058384
4218,20834.19800257257
4220,17352.42209608977
4226,14195.403109384888
4228,23136.6069950456
4230,8400.456419424647
4231,2148.6390602340143
4233,1573.3408636433912
4234,8421.877705753346
4259,11958.249916415949
4260,8463.188635061297
4261,71081.62984525577
4277,1351.5883746844634
4278,18184.337259068925
4285,11889.818080281866
4294,14145.227204293828
4301,1487.9232689201635
4310,12782.365368221592
4319,1455.4756577702044
4332,11112.590634531396
4338,5412.296817839892
4357,1939.0253945664192
4358,3794.668359894042
4372,2475.143435559271
4377,1781.4340731414488
4384,19255.765992004843
4395,2581.6582665382425
4396,16064.647834839918
4399,39383.12454964694
4402,4691.6947110911315
4405,2440.5599866567895
4408,2798.2455452730464
4409,4262.141162051545
4411,17366.181694442515
4415,48036.35677018499
4419,11187.042466880606
4425,1459.3429383319383
4431,9018.217902590477
4436,2431.2793365583043
4443,36218.852567343085
4461,8867.70812633242
4464,24176.66827895692
4483,1810.609591037736
4495,3959.6650617600462
4500,1430.0292316875982
4504,14895.933590176985
4511,12464.752572480314
4523,5295.942995183442
4529,36615.37395796042
4533,39101.9356713497
4534,813.3390514970744
4535,21241.553998198837
4537,3135.74435275399
4539,9413.379095290058
4551,10038.106729118073
4564,868.2796374952728
4567,32855.19155160043
4580,5045.855474413756
4602,21717.537764870725
4604,82197.8987104289
4606,10172.16055950565
4618,107761.32011856126
4622,4195.712801994996
4623,20662.250633947708
4626,38704.88339956763
4629,41525.482160270294
4647,4110.014763972146
4648,3014.498565452361
4658,9175.39036737736
4677,3185.2404213426653
4682,16162.575162400663
4686,39940.77441229377
4692,101617.13557185899
4696,11631.0119220028
4698,2457.450778506167
4704,2011.7477534819668
4707,1295.5957012997033
4709,5466.3351461043485
4721,5193.590847787117
4725,6677.6979993239165
4740,13977.874529952547
4741,1994.2185837221625
4746,44826.141050031
4750,12098.208236067147
4756,3703.375719293571
4758,18425.520877328716
4766,47647.4303137596
4767,2004.6999256531603
4770,2261.524211087112
4773,1157.296769111999
4782,858.1009284290581
4783,13640.581909953458
4788,23528.422758733486
4790,14482.786059058784
4793,16738.020275942283
4794,810.1883655256665
4796,1026.099293124655
4805,55764.18215942242
4809,18541.260969296734
4810,5472.7296567157
4813,1565.9502373542277
4819,3102.5884934926116
4820,2842.2427044367455
4821,16312.25978886818
4836,33612.43731061035
4839,1149.5306028278499
4853,20232.674023956668
4856,7015.9712596065265
4860,37031.618986035974
4862,19461.675347877852
4875,77689.79970221742
4880,9576.28162466195
4882,14976.019930959514
4885,791.9473977163711
4903,4711.439612822856
4905,3057.4888890127195
4907,25269.29010760164
4934,1177.8046882261556
4938,660.2195136607148
4950,14269.58751339121
4955,5732.076618217807
4956,66010.87408261736
4957,786.6560882454758
4962,38630.75239062208
4963,10885.673393672781
4967,8158.05377474752
4973,1776.9821431383898
5001,3391.8831414609353
5025,1544.9109744836815
5027,41538.54763567795
5034,15546.413219995688
5036,9559.449561421392
5039,28771.940680232838
5043,33683.49686455782
5044,52034.26234747559
5051,81102.52296907571
5052,2468.0471036017257
5058,60940.15987517896
5059,17002.048388298423
5062,42550.352975960486
5069,10770.131574513123
5070,1911.7898891703892
5072,1782.9545122479228
5078,9433.748954111228
5080,1425.755872923653
5083,9862.947039445153
5085,53356.06844024856
5087,19801.874633582083
5092,1883.457076755154
5096,1775.7705051004748
5099,12714.098750396763
5105,14388.928633283358
5106,6622.655881085266
5120,11631.30889114725
5121,1497.404984746156
5123,3364.160165573146
5124,8133.5122802885135
5128,11123.172453453433
5130,38043.74558547083
5136,18327.350595321546
5147,8850.091993085845
5153,1661.2347857054322
5163,2096.605736173941
5165,32776.717470961434
5167,27092.1531379019
5168,54513.703881410016
5176,1619.8643629154983
5186,10468.525091964566
5190,2530.51072226405
5191,4329.493188433579
5192,12031.352247308096
5199,13916.934289372624
5207,23413.135105212827
5217,45481.6019832701
5223,11098.14462707873
5230,2113.313438770739
5231,18110.031504018392
5233,44691.9608211479
5236,1620.3246362587981
5244,14534.609311252398
5248,10240.656459449447
5250,11984.355196667912
5254,1690.0973264547777
5262,2109.301009361581
5284,2136.273143946386
5288,4570.616252864271
5293,5492.656279866791
5306,12122.423111503227
5310,1285.2384386210274
5313,31917.076391288825
5314,2179.044718933919
5319,11683.83651416767
5325,6443.379459526757
5329,1819.3652790120957
5333,17893.331212025394
5354,3839.884093224617
5356,4594.452002855114
5374,20530.8288674377
5385,42067.16227585795
5386,3587.7355242199687
5404,24295.445028076563
5415,14957.79139939184
5418,3939.6222490017235
5419,1822.7815457471795
5433,1304.912700650671
5438,6503.963323688424
5441,750.7362271267508
5465,39737.10023039341
5466,1215.1201247450695
5470,2412.0782610622664
5475,5133.6767548229245
5476,12611.53395760198
5487,12737.768501320896
5488,58643.259337921445
5492,2832.6722460048836
5496,2038.9670317130085
5500,1439.7046495811844
5511,3840.4897089995275
5521,1631.4969445954534
5527,2471.932938285592
5528,42592.00789756212
5530,50084.525837866044
5531,1490.2998584371194
5536,2966.070986450204
5547,11730.622212937918
5556,1537.0530711278059
5558,1182.7532877511546
5573,8720.961736968053
5587,2822.995727896552
5599,22990.96056310561
5602,14448.23917961399
5609,2724.1603624584322
5613,7275.630081244856
5616,13936.846042171488
5617,44505.40312137664
5618,884.5962395245217
5619,5680.302512770563
5620,18219.362186225266
5625,791.7590332865803
5627,5798.20450593417
5628,27977.08997101666
5631,1527.5919482959027
5633,23086.775954458026
5635,1052.6519194541395
5642,955.7245765582217
5651,104542.94500669051
5656,8311.008037892598
5661,8507.601565435525
5677,3094.012557005231
5680,2058.6047816547366
5683,11672.667086061916
5690,15469.755335370126
5713,9342.6463211458
5715,16122.689430374257
5725,2852.6386914580976
5727,9931.10994323675
5729,10530.387048156881
5745,2250.2723449178375
5748,1207.7930939716996
5749,5925.364080389599
5752,15048.689842028181
5772,2874.7867106381564
5782,32757.818325516833
5786,33044.92792022553
5788,10295.959642085922
5799,15292.363642963674
5804,1214.4219607442624
5815,1700.4484355982152
5819,3567.642990441176
5823,22188.212296758546
5827,51235.09803143522
5829,6623.890621638036
5836,29608.389685977767
5841,11268.899054322947
5865,14135.144092229371
5867,5220.272967138658
5868,62338.84310056223
5876,2793.2085004301703
5882,12046.710873700946
5890,1966.2222198216166
5891,15832.538673792473
5892,15164.639111434699
5898,923.2768464437492
5916,17595.573058218142
5937,1816.6409905780495
5940,40743.684350935815
5945,20454.50270922733
5950,5776.57531588073
5951,4456.002372192142
5954,36718.72086968449
5956,8109.094842504614
5965,2128.4376269392756
5966,9555.819841011195
5971,11562.435378740596
5974,19194.959389779222
5980,5830.313715181199
5991,47846.097748295506
5992,35211.51842735433
5994,7184.343167360151
6000,3614.309376529718
6007,8849.088437911263
6010,3002.248618657969
6015,2222.1019271580794
6024,4453.101637710579
6025,20988.594778409955
6026,1547.5644098864616
6028,1454.3317200875313
6031,41823.45171011927
6038,52708.241803328194
6049,7930.413480798073
6051,1093.151373274424
6053,41539.8265039849
6055,1685.4139104572575
6058,18704.47200809869
6059,809.0142191335128
6060,1665.7804308389134
6061,6434.8434537189505
6064,2642.1224052541356
6065,3891.5748950625407
6072,1823.144852291845
6074,18334.558279328423
6075,1243.4814836960695
6081,13755.515877638676
6086,20001.987033470617
6087,3632.0456712498844
6090,6358.633531699559
6091,55231.00616092405
6103,25165.183575005292
6108,90487.76132810577
6109,2310.167464996937
6129,53197.36984293751
6130,39792.004554021245
6132,3304.540624490037
6141,3922.111956290651
6155,36009.511079744334
6157,19737.311175205374
6163,3813.897170833883
6165,1389.995965830198
6168,52461.1933333769
6172,20375.798278641356
6173,49745.957176437674
6174,1975.6329554333522
6179,1518.651789404218
6180,12807.465069783539
6182,11834.39442851384
6186,15480.991051028968
6198,22114.533323901956
6211,30611.46172447314
6215,2406.248082635972
6222,6438.47079373549
6228,55708.461901393646
6232,7933.242069125455
6240,80981.47782744654
6241,3208.724722549628
6242,1281.4727563769668
6244,2639.551598608503
6254,9233.700397796783
6293,6482.1211402082945
6296,12852.499292187069
6304,43144.06382951085
6314,15758.509225728043
6325,15755.36208830982
6329,21833.59220954129
6332,3035.6879841920386
6335,3858.5739585603665
6343,8171.798401267787
6346,15529.10885558892
6354,26094.681774803066
6357,1725.7330014241682
6360,55839.83304710905
6369,16191.814215098102
6372,8036.438103497772
6381,1059.3285803433641
6387,3602.7383326011645
6390,44297.479126819504
6393,1438.521027197085
6395,15222.524188547908
6401,10047.911278283189
6404,4195.015278090692
6413,2821.420915258594
6418,2002.5675084936986
6419,9952.24004383934
6423,3069.7787032972296
6424,56586.70301862835
6430,2010.3452233135101
6434,2948.1473160361434
6444,1545.2837110012767
6450,46209.28712112123
6458,10418.244624068935
6462,2640.5757895988904
6490,2356.3981935070415
6495,4030.8184070977527
6498,15082.356393701377
6499,4865.456884631855
6509,40886.68842495362
6512,23865.829661620926
6514,1282.3624517312603
6523,2922.711063940054
6530,8826.147204512705
6540,8194.12951540912
6541,40876.629344930356
6554,14054.40243827288
6565,3585.6826721892016
6567,5585.5354953251035
6568,22131.441755097025
6570,2245.4639764123103
6571,892.5080883928845
6575,13110.852361657226
6578,79334.8459365437
6579,1447.8589606117102
6595,16093.149178433412
6602,9599.542681508694
6603,35304.597175761744
6604,16815.581992340973
6610,34674.0905566714
6613,8551.4477594333
6619,1611.1526277003832
6620,18142.611469519536
6637,21362.33645216321
6649,15960.337779513684
6655,2006.7839446229768
6660,2982.86375906278
6663,19133.974899610595
6676,15267.876831656762
6683,777.0779607698449
6687,1236.881528424072
6690,9347.804467671951
6715,64043.73023810939
6718,1855.4042961581883
6719,10429.13596631321
6724,37312.39192889275
6731,1700.6267048464697
6732,1771.0706245727704
6734,12979.670608378005
6741,1686.2523822946366
6744,35914.61390039729
6752,7487.039052505258
6777,3500.166480216293
6782,7494.355699982143
6801,16546.305495862187
6803,6261.145363559693
6807,11701.190230698403
6808,2032.1094428140761
6824,1048.7459435823089
6836,1334.4962324523763
6840,1456.6117474513924
6841,1961.014908351825
6844,16222.180818826497
6851,23332.87551703151
6855,691.1830293849398
6863,16662.873421629047
6871,1720.1577729935307
6873,1575.0618415429424
6885,62309.47311301158
6888,19479.741980034487
6896,25937.142233065926
6904,33484.12242127066
6909,15035.471887262956
6912,3093.269721355617
6919,17561.75555517946
6927,10582.550757470028
6949,16062.012976214755
6950,946.3656661636909
6959,4653.225380564745
6960,10786.95399641058
6964,1765.7896112463395
6967,5613.398215417251
6969,13516.544584603602
6975,3857.6791374469226
6976,2007.792454897218
6985,10773.737228121381
6987,5420.141349714585
7023,31726.964355865082
7025,1457.6406882104282
7029,15332.603188304513
7033,82612.53764625803
7034,12214.539324079333
7040,745.992004705141
7061,19353.302676650455
7065,1046.4968537540874
7066,3704.257078660951
7067,940.7250128136172
7071,45233.14984320565
7087,11678.181019401587
7096,32434.837437250026
7104,1558.3336259068824
7121,3995.6127561574745
7149,24261.93836155757
7151,798.426032027645
7153,22707.406546814873
7166,1612.1261970345593
7169,705.1061143712534
7174,1021.9647584978247
7178,2773.9979975686006
7181,3650.497009545825
7191,9824.300761707707
7196,16262.73557068895
7206,64853.31207927673
7207,1369.7988659872033
7211,1910.603797862517
7212,1609.8359167127642
7213,7879.320813690959
7217,19271.225576347475
7219,3791.552158456958
7226,100202.54777217572
7228,3375.7665271184037
7230,3430.8874729173563
7238,2381.3951195484024
7246,1980.0592599010602
7247,10858.684567586628
7256,17609.36780663278
7260,9985.463326647108
7272,85034.4672634453
7275,4333.042803208735
7291,7423.249039939197
7296,13797.222889944262
7298,7617.679980509964
7302,11178.43051627691
7311,1644.118842267424
7316,2995.826264231784
7332,3930.3422892654976
7336,28871.930045838173
7337,1904.2787576130495
7342,1385.665475848086
7343,34750.692425178175
7351,1767.8849770715622
7365,2587.6984598599106
7370,2250.013116382522
7372,18036.301010326002
7373,1923.2743800972805
7383,79904.93005480818
7398,1333.5557995995734
7399,3827.0807571824735
7410,15441.571973843467
7425,17391.587607766334
7428,1545.3894517474423
7431,838.627940510468
7432,4472.0664231640385
7445,14205.10627602306
7460,3319.4471887834725
7464,9286.810736622025
7465,80115.29018360708
7475,14752.787817267654
7477,20617.085875073735
7483,10886.349500155688
7490,9785.257771105371
7497,3814.54735833493
7501,1671.7104379226532
7504,21589.05264975048
7509,1956.3745057693022
7520,1892.9034753977255
7540,30689.004266627377
7542,34749.266046931
7545,21721.717118447294
7555,12289.712450871373
7556,29813.57531135973
7559,12704.387665604423
7568,14431.714396130199
7574,3069.467295251293
7576,7906.575934140167
7581,2232.565375457814
7599,14136.559038191936
7606,1350.6955945621055
7609,2503.030657482636
7610,14928.375781789848
7613,4543.696012043504
7615,16000.80417908059
7618,6592.199445531923
7626,2060.4269338615154
7629,2445.085054369997
7632,1579.4481968676914
7640,1842.8868934518
7650,3460.21612889551
7651,5081.988487252863
7656,1275.2841649849634
7660,12534.458818098203
7661,41324.74694015197
7669,25105.08898493032
7680,14877.06670686665
7682,1811.1754855401796
7686,1617.9000713583541
7689,18854.124414134745
7696,11490.430002990968
7716,14101.063583685696
7724,2261.24467811823
7726,80831.69493365887
7736,34915.02833725295
7740,1470.717940010386
7743,748.9743807506595
7745,13645.239807626083
7747,7695.69358329217
7750,1210.553606808326
7751,834.1919909555329
7753,14143.076822881809
7757,16128.063316042184
7779,913.6432415062491
7789,4403.536859626619
7792,33133.92467590001
7793,1068.519131625067
7794,14126.991421521483
7799,18103.093837215987
7803,43450.40391981065
7815,19282.95601324606
7818,1846.1292481057949
7828,77500.00341977486
7849,14835.661928381784
7853,11877.838452140968
7863,1698.852869925806
7864,45878.94212261153
7866,20899.252493914362
7868,1209.9244142002876
7874,72295.61522454051
7876,19308.683579197463
7887,11637.419382898292
7888,2177.994485849287
7891,1873.277100858512
7915,10711.39074879139
7917,876.2918454695853
7920,1540.2955032105992
7927,1798.101265163541
7936,893.022076087546
7940,63125.571664560615
7943,17693.279825494013
7948,1779.1705489655105
7956,18334.90692243041
7963,1656.4272601477464
7964,3894.7612138309623
7970,18957.744871327453
7974,3490.0997218428265
7980,36645.68146122464
7986,15494.076387516649
7987,57476.91392259949
7990,12629.41845493198
7993,3851.4836634302465
7998,3913.342646181808
8006,4923.49586383679
8008,2240.3559665289995
8013,1615.0489277489698
8025,9679.407094423954
8027,1419.9604021930145
8039,6236.808778062789
8040,4202.780709817429
8052,22125.685721623544
8053,23235.50762964955
8059,1960.896455283331
8067,1724.1543890981006
8069,791.8627056345952
8071,2145.5774072619147
8072,12470.75162856562
8081,14454.181995326322
8089,33926.946353041014
8091,795.5665626224197
8093,3427.255707914865
8095,1857.415580354281
8097,7796.689208231323
8099,1767.4012245309445
8112,7410.478172185895
8113,12656.945664712404
8114,23514.97065875747
8119,10424.265102857255
8120,7563.23711812362
8124,4648.8976245640315
8128,3935.5781736910303
8129,86938.39485828663
8130,15333.291278181265
8134,7682.968375112916
8135,6911.541677672188
8140,4071.4949187584816
8142,2352.0284204364207
8148,1226.790419594343
8149,2057.8154437671624
8155,1573.797382428942
8160,18839.92840357478
8161,15615.583120028867
8175,18595.68706326333
8176,53625.92106393509
8179,1798.6385964629376
8181,1267.3658924509289
8182,7724.172042531635
8186,1256.8924597303592
8206,10827.75756839391
8208,14262.53729376318
8212,49033.61751573921
8213,8020.177128258005
8217,2146.371209015961
8220,16791.60109358176
8228,7641.463549205353
8236,15782.89103281099
8240,33355.215345808305
8242,1673.361064999957
8248,3482.1754217949956
8264,1008.2369655399012
8280,12093.48974558097
8282,2578.486373172302
8288,2755.78542776213
8300,13262.784296690861
8301,12858.642506023885
8327,13459.89246751631
8329,4728.093377332641
8334,19723.45513963093
8337,1063.439362448903
8339,4769.289867622113
8351,10135.255857006741
8364,2329.4423409281185
8369,9907.116282839916
8372,32007.81814000475
8378,16999.873650521175
8382,6446.553147303221
8384,15046.479011001653
8387,12339.036305985514
8390,18356.630309143424
8393,1946.3871854211607
8394,1465.8628192350477
8400,11469.617681710632
8407,19121.745601816187
8412,11123.467379526306
8413,21483.446613751366
8422,8176.906853060601
8427,8182.658339780533
8429,46562.83222843576
8433,9204.712970744573
8439,67947.17537912738
8443,10217.159143083147
8445,2226.4510388785025
8466,1405.6033028350882
8470,36493.412947442994
8482,855.5728349374552
8485,1973.4578195850656
8493,5231.1105051208915
8494,17059.288331293847
8501,23947.54460334381
8507,52870.3602746926
8508,2711.2769960683872
8529,34805.16697467745
8530,10354.434040178645
8534,2562.727479964388
8535,1561.3635786976065
8540,864.6609566898787
8549,7925.863419563778
8550,18624.420044676837
8565,1589.6349710376421
8566,1422.4190031011833
8571,8815.041674484079
8576,22668.54941880458
8579,16131.656653545091
8595,44722.76452842552
8603,1957.8270349400775
8604,45367.79844767455
8617,3830.2969888211614
8630,1630.6750848670686
8636,1438.2250384762422
8637,40788.417322116715
8643,1643.583484960798
8655,1597.9266659679322
8657,28721.134089147556
8659,936.6165146255239
8667,7844.508171572869
8673,85702.98273656456
8674,7756.556516287108
8684,12702.724831852081
8698,11683.192880035123
8699,5451.004090594489
8706,10956.480455096447
8711,7081.085944633122
8718,57411.00072343388
8723,1276.8436498473777
8728,22456.716627392183
8735,15388.086397724252
8742,15069.333327901542
8746,12822.314883681136
8747,1051.1921641248812
8748,1860.8724247086548
8750,858.6118496405837
8755,12383.07686554297
8756,5596.659273013002
8758,15494.213264604212
8771,1541.8016762890481
8775,9567.00901007288
8783,1361.6389749445234
8784,11203.6248681857
8808,16366.897573345776
8810,13055.960807257554
8813,2107.0334805095695
8818,3694.8170700152546
8822,32272.63018713147
8823,18828.520215370394
8825,3111.63622012853
8851,11965.702829358419
8853,2637.9756429463578
8862,8366.44573919836
8864,3198.438260915299
8866,2883.882225177853
8878,19654.330521995267
8880,32222.349420535716
8886,1977.6655245814113
8887,14215.762664531787
8895,5675.290540735628
8902,15674.038229402177
8904,1541.8407076394656
8915,9224.44340359563
8918,844.219127256223
8922,11100.094003031118
8928,2196.8838862252733
8934,18914.10852499273
8943,12039.879366079806
8951,1258.818369381871
8978,14549.084313237925
8992,11383.313924124694
8998,3564.2768402124134
9001,21745.344999813024
9005,2660.3062434468193
9013,4898.155415790695
9017,13223.196880986186
9029,2562.1696714426166
9031,3197.5350083477333
9033,8339.472289362862
9037,1369.2560503782236
9038,1793.9601144640526
9044,5768.525419603646
9054,9980.429617146643
9057,2295.3984436323844
9058,961.4054074037617
9081,44506.2025447526
9089,16251.040749066593
9101,1263.0344489213323
9102,12912.226384961541
9105,4612.752758939571
9115,27398.11105368411
9120,2510.6748169380326
9133,36467.8900322455
9143,1452.9579789038019
9145,10842.561466918707
9159,1949.9501063333073
9168,1076.9487554173095
9169,44567.873021059255
9170,1899.360895011851
9171,1731.3743099312974
9174,1499.2023203922686
9179,8480.413586439174
9184,965.6476513492987
9187,3999.134941284223
9201,13651.335177983496
9202,4957.858097227728
9206,19064.274422502902
9221,20341.333942873007
9233,1052.7383452076936
9236,2073.4866872159973
9249,17279.411609748877
9251,2781.397110930072
9261,6150.196501944672
9263,2787.770434274457
9264,14010.821861175295
9275,9023.122156008842
9276,18347.3249963368
9279,1060.6560721798494
9280,39514.337515420986
9285,16765.406483411778
9297,1329.0383615741243
9298,1690.4584179085493
9310,11860.206593058656
9312,2835.620816548218
9322,51694.043651410524
9324,1842.6717316638212
9329,2207.9657384183092
9338,19402.968322516386
9344,2767.8668294744602
9348,16201.05549960821
9353,2171.160911171224
9357,1999.9598001339953
9358,18081.86340307243
9361,1910.4744850787636
9362,1813.7943260476484
9376,2616.7343996284417
9381,1519.1833750353828
9383,889.5586841702062
9385,9177.944939486582
9389,2052.7995111505606
9393,792.3813683945217
9394,59059.62820854782
9400,12206.100420384559
9402,113399.79451891592
9412,6611.73919906306
9413,7917.947374213136
9424,2004.8782686833806
9428,1214.9672424181279
9434,1415.3962156210364
9440,22157.342263432452
9450,42546.00097785755
9452,1297.2071889852077
9454,16197.228119477593
9465,17280.38931349554
9474,19026.54338530709
9494,8924.0485654414
9501,1747.1344275478803
9507,20048.29528512541
9508,1118.1394150181725
9510,3286.260784647089
9519,15705.350851779738
9521,9012.971664302495
9524,1104.1397742521842
9539,6970.16319787422
9543,78857.2630933645
9546,29388.65386107589
9554,18811.423627436376
9556,2854.9585128088593
9561,1507.5423271373807
9572,1786.6817171173295
9573,9568.742855500916
9579,1354.5272966326831
9592,25939.480147574926
9597,44741.56429039202
9598,664.126112112804
9603,3625.9641976792414
9607,1415.9264985252562
9619,1537.1714649263447
9622,29348.299035969187
9624,1506.9728188211643
9630,4386.355820855284
9634,82345.56382872944
9644,9481.337475284943
9652,2242.1868699623574
9657,1973.1003275417677
9659,1268.33236497536
9661,784.9334888727827
9666,20057.43926029303
9669,41938.110721634446
9679,2912.8474488809557
9683,38247.728054304964
9689,17830.848970535142
9696,60333.436689201
9697,9790.720285415064
9698,3161.4640691885215
9701,44177.41457095658
9706,34195.14337955836
9708,11642.458024051308
9712,32225.038710376215
9720,8733.457720786238
9721,6341.129257272351
9726,9610.669680132514
9731,14021.117103508313
9744,13185.862750649954
9753,2852.054985098822
9757,23614.16664244275
9760,5348.2316485483725
9780,15646.611614643081
9782,902.1381696510032
9786,6817.07467819122
9788,1574.8461503477088
9789,12329.673374778557
9791,1133.436862088417
9792,4323.165187066195
9798,5915.502034783211
9805,1617.4993711682496
9806,9578.148287429676
9810,8003.535514595001
9812,10490.63257634245
9814,2566.9318459162637
9822,1700.7674410653458
9831,1197.9319125650907
9838,2039.3046730773021
9840,60490.38238056
9852,3006.19726844202
9859,845.3883120542357
9916,1847.8693254100986
9924,39127.604129801985
9944,2725.3243125383297
9953,16357.304361965125
9961,9626.879316805109
9968,40184.16987602828
9970,2187.614669382715
9972,9705.100336639582
9975,71213.33676328241
9976,3188.7577748090966
9984,912.215385248026
9989,1849.6573465172262
9991,10569.952465639373
10005,4586.813508577062
10010,5897.953055114957
10013,2458.6037373655254
10025,32307.711300476334
10028,12141.023468540448
10032,946.0342477598481
10037,2772.527731616817
10038,17660.151376856917
10040,1085.12899250515
10042,41959.20721305839
10048,19159.328239165214
10052,20966.359115843927
10054,7293.199384550048
10059,90589.4724622327
10074,10963.11667745639
10078,3538.755237252288
10086,1093.1402616531127
10087,2019.6135420714354
10088,1637.1041706450305
10092,43786.00373451159
10108,4838.423602082203
10113,6184.663268696346
10117,2193.1083187597364
10125,39311.61251423071
10126,7494.425290198739
10144,4054.989429794925
10156,13773.367316595879
10157,3776.312294700034
10162,777.8599294282338
10164,18234.707577420737
10166,7352.856333441142
10175,11458.478169585673
10177,7286.210175377248
10185,26422.95530784979
10187,14446.414212512487
10190,5465.846857941593
10202,9931.799764556908
10203,16887.688842803364
10209,1506.3479836248746
10213,9207.942904714126
10220,37980.35912266278
10239,2646.96985631434
10248,4466.4864641767035
10261,18732.76543645942
10271,15203.425851964037
10274,44247.6636027476
10286,2227.4691199534204
10289,9245.910832922642
10305,1445.4062448262182
10310,855.539586032781
10315,55741.29553524282
10316,6092.324573261837
10319,2150.3435117719832
10323,1797.110305895935
10326,8781.83873398568
10343,4226.63993664753
10349,67639.18895729278
10352,1624.5724725918965
10356,3449.8080734925816
10357,3694.241441100243
10379,888.4404788445041
10382,1696.0734079261972
10394,23082.508612704514
10403,23579.762126604004
10413,24978.600357376952
10418,1723.621930901193
10431,7975.781306740674
10432,1547.988539933821
10435,51994.014081010006
10439,3509.5961004319515
10440,5285.896479617212
10452,27878.868244834823
10453,4183.84337017389
10456,2204.020003096398
10457,49536.35332404471
10460,13979.267714957577
10470,1178.1074419378904
10471,3481.881857026466
10472,63036.96243860364
10478,28985.320453177486
10489,6858.228645167847
10492,16481.342319513766
10501,24058.410520701065
10502,12750.453977602809
10510,3935.6860849494765
10512,2604.9246489072584
10524,1239.1891124090027
10529,8334.769036214782
10530,1913.291857544984
10532,13030.571300705895
10537,57202.40999752522
10542,12715.463062316352
10543,5107.687019980831
10544,6874.222282251556
10547,10231.473234479445
10552,6060.752334199518
10557,761.565916015282
10558,2022.649989252756
10567,966.978300569935
10570,60851.88731806228
10583,20091.135152627416
10587,1828.1859061987557
10589,18348.918632732828
10591,25850.698540182217
10598,780.9603141454625
10600,18614.6073036991
10604,1451.204572510229
10609,16761.45276482877
10616,4365.998738818923
10621,3129.652215593912
10631,33178.273258195215
10655,1840.2197573955987
10658,1922.085450110553
10679,14874.658311961843
10682,1522.5444423834365
10686,1639.997294357261
10689,4152.534880641701
10694,3395.9684023890236
10697,1289.924834859106
10701,892.8119555677724
10704,28811.79294209942
10709,1547.484040456444
10714,2335.856275820651
10729,759.3059280897864
10730,2981.532932417065
10743,29402.916258339603
10760,6872.867302711074
10761,24533.869034821717
10770,1769.4211011801438
10772,17771.1834810537
10776,1836.5469831865869
10785,24235.558796953042
10786,1354.1067527386226
10793,22375.0853068991
10795,1773.9761070635232
10811,992.3324186628998
10812,16800.772707695305
10814,33598.67152537611
10819,11864.835813509615
10824,1452.815914246498
10834,19961.845526606663
10839,25938.92719145252
10845,44877.80679184697
10850,45193.66699228942
10852,1937.9955790325778
10856,19697.382998397006
10858,3510.210472491388
10870,11787.072955194377
10873,2294.4587009985707
10887,1552.4785959410303
10889,28862.401088182454
10902,1411.0685884135912
10903,89227.46120116419
10920,14845.497722794149
10928,18917.754065120535
10930,11917.309040733711
10933,9614.431823025403
10945,1213.0943915116577
10953,47019.57375325574
10962,3763.9331543402727
10966,20544.687351871155
10972,60352.27698137744
10977,101839.04810539715
10989,13299.757625013333
11004,787.8146354451096
11005,1778.3333006290045
11006,2195.5124194504942
11011,46355.578061536355
11013,11236.810193679565
11015,1786.978798883314
11018,1289.9472198401727
11020,1504.5958438547602
11029,40408.51928956519
11030,16693.65951940992
11037,1567.6597150839896
11044,2130.9950983122267
11049,29771.31770913005
11051,1619.882788583703
11063,23888.80684613343
11066,1847.3211551174752
11068,1697.3439030176687
11069,3148.742736362933
11074,1621.902343769306
11075,15060.510466400654
11086,34465.27256143072
11108,30455.903217618976
11111,976.028157627728
11113,1724.453405337566
11137,6462.4912531050295
11138,1560.4181292835676
11141,1758.6579144767882
11142,15560.529711277348
11144,6200.438875715217
11145,10948.925544104248
11150,792.4323470818474
11156,41678.86429793645
11162,1864.5559309622217
11163,1125.993299454756
11167,23336.90091351769
11170,1051.8076744328537
11173,1846.5730288137395
11174,30652.551758223035
11175,4336.179481280904
11190,1582.8834904330508
11192,11593.936106178042
11203,1307.4753080335445
11208,8486.04772427514
11215,9424.45582505386
11218,1086.9222644903598
11233,11939.057592051877
11234,35143.97713640786
11235,1606.3463185162573
11245,5266.828661242241
11246,24091.930397314252
11250,949.5657768078822
11252,8488.246651949707
11261,2056.143248751123
11262,14929.436683855503
11268,2407.9574365678986
11269,2125.303548673997
11273,972.4953535243417
11275,1419.9990459106323
11277,19142.135342125835
11286,2987.241066568158
11291,1645.9042324141424
11294,1601.7966943328295
11297,46067.880368100276
11298,34804.37599069045
11327,1334.8752817419963
11331,38222.52705249002
11334,3909.6556256715758
11342,1551.7138671039716
11349,17803.01879185025
11350,31604.817205534833
11352,17755.761500316923
11356,1169.3648310077683
11358,15326.665931819638
11383,7779.208129291308
11386,17763.311526724632
11387,43949.850138357164
11393,16758.7070810983
11394,1792.345352502197
11395,1520.5106514022336
11398,36482.60610021141
11399,3522.5229861258204
11405,1949.7119192339749
11408,33390.56992550956
11409,2352.770221003909
11418,5969.0274832980795
11419,7650.572366190401
11425,9509.630346019561
11443,3064.062675806671
11445,3534.155650236118
11448,3391.706204199532
11454,1516.1306180163663
11458,47051.027763264196
11459,14487.875653315808
11465,14347.051709692869
11468,33181.555193643355
11474,3458.543360349247
11478,9068.86925025543
11493,20626.90834564687
11496,17868.70072265634
11497,2344.0874024091495
11501,1129.964365595411
11503,1715.637426216825
11506,21072.02259632729
11513,12416.30563589181
11515,3632.244383022781
11522,2286.8215056184536
11527,4273.58970214657
11529,27091.918381361014
11530,9825.798988809678
11548,17820.516519314424
11550,18179.301090902067
11552,13446.94916893711
11554,2835.0001347803536
11557,1546.7935061239543
11558,2563.230469437756
11560,27799.16451317001
11561,9983.898498153707
11569,828.7927140585516
11583,3306.3885981129492
11584,4637.020674090844
11586,2372.890057252866
11598,3019.903307539645
11599,8588.960033565603
11601,8679.145696283713
11608,25144.726362347574
11610,19979.00502203208
11612,49612.66004313629
11618,3360.7526385605524
11620,4431.8349439984995
11626,5105.267037934374
11628,2612.365826647044
11632,49737.56928725328
11634,8603.012136313797
11635,6405.411954559894
11642,1032.619564110994
11660,10754.59078391476
11665,4154.18925042477
11667,9050.571697578891
11672,18388.314968755847
11682,49075.56233760778
11684,8458.564660681615
11691,21436.13907198397
11693,2376.0687894089906
11698,1305.1329760434762
11702,4256.5003494089315
11707,27687.485708706183
11709,8204.769093329613
11713,20729.765291927863
11718,7116.036736961294
11719,7831.91324421094
11729,2372.8437531813065
11732,10769.558101592047
11737,2856.8767762192856
11738,30658.370888368707
11749,1099.3329056889318
11754,19208.970707842615
11763,16827.86917890427
11769,8859.706192928543
11770,809.7898295739848
11774,24725.93163198217
11777,16878.167656244594
11778,8580.93252556654
11781,1764.968515305553
11783,48561.651527332375
11784,12193.276959105837
11786,40375.50044072375
11791,994.3950352283854
11793,1384.1618523505347
11794,12091.536773413627
11796,1032.8139159966759
11800,1858.6619604228556
11805,25389.056473688484
11806,796.6035629777186
11810,15601.463819177274
11811,15928.354877436359
11813,34478.54161063993
11816,1321.4581727522338
11820,8683.954629738852
11823,8724.220139616984
11827,14681.719998243168
11833,1700.6593230375295
11844,945.9489923408299
11847,4352.402041235945
11855,24486.30348989102
11859,1552.953417930378
11863,8404.285321583637
11864,2700.2205218563804
11878,2548.7103282534536
11887,25186.576810349696
11891,825.9705375130465
11895,38875.20760701488
11919,1427.4176006270875
11922,2166.6078866686435
11946,1509.5341935888544
11952,26812.60201831842
11956,1683.1292594962233
11957,25971.419348226398
11960,15291.627548513496
11963,2181.658617296618
11965,801.9958336828298
11967,2066.8221840296533
11968,45981.008981299405
11969,24270.13221665404
11972,1429.8461946823652
11977,80795.76736177478
11978,7834.1745601133725
11983,4329.859482677315
11988,5288.660177698607
12010,1290.444428769907
12012,2283.6392352346134
12015,24535.02842170032
12016,53348.86481524667
12018,77235.57405824622
12026,40278.848940228345
12029,2487.262289633623
12041,24443.450450472017
12043,15785.475088743407
12044,1757.6264160146995
12050,1398.8634402605644
12063,33628.67224195049
12083,2447.997544458743
12086,11133.944491661121
12097,2665.339154811006
12104,3410.82713958978
12115,21702.004145938048
12125,1051.6516985930368
12131,18792.1311031718
12133,12680.627330853464
12138,32792.64998640312
12148,8933.912260674228
12152,1736.23773013472
12173,3033.4059185300875
12174,13212.848862772375
12188,2308.0358694953416
12199,32627.186950940148
12202,19216.19632064391
12213,1487.6580233957015
12214,3538.572188779691
12219,4430.524048797607
12228,11430.153926676696
12233,13533.293257572082
12247,3503.394952809219
12259,8719.669187465826
12261,1484.0417221539165
12271,6497.553481517409
12276,3778.3509865648452
12288,24592.176429419087
12290,9145.856444501698
12292,1800.7599767621427
12297,17982.32669878216
12310,20832.632513142653
12320,18796.52009611486
12325,54324.992577612014
12331,9004.794539028528
12332,30302.766305594225
12340,1138.584261914663
12342,6998.142920657414
12347,923.3172116303417
12354,617.8418501452284
12363,26456.568464302276
12380,29690.12091802654
12381,5331.0723645548105
12383,1546.9753033320285
12384,1523.709820137431
12385,8201.235428836073
12392,4520.867401620484
12397,13916.61306921517
12398,41825.60535197528
12407,5091.446959376877
12409,1411.6983519077335
12416,1148.7617606366932
12421,8745.307687153098
12438,15107.794678569338
12439,1248.0228423976032
12447,1751.7661379422827
12449,20592.762449494916
12453,1381.758515332059
12454,39884.92974507573
12460,23223.984641604085
12464,71349.61653676836
12466,4611.827161101144
12467,865.0246397132739
12470,13030.467813869043
12472,34599.53395359714
12476,1186.9884017185698
12477,19452.847013601386
12482,13691.61916471547
12488,1387.0135438086081
12495,972.0084420865271
12499,13631.852697883618
12505,43229.12476710243
12507,16562.26247326323
12508,1870.697911371149
12512,15275.175619886713
12513,14222.684502276674
12518,1658.7467456909912
12522,3242.677949980942
12523,1442.3975519280493
12525,1266.896902944495
12529,19526.183703752064
12532,1453.7247019948397
12538,12825.933344414116
12539,793.5889750945049
12542,1352.5550082131344
12554,31139.10867541942
12555,10830.600503059713
12558,21260.428041449584
12570,7989.588665792575
12575,18936.271694655465
12576,117214.1784866476
12578,2447.9528537118117
12586,8238.241427338638
12591,4624.9996466443545
12596,10328.959329394125
12598,4021.0170139111806
12606,33766.73961566825
12609,1493.443785733726
12617,3312.607856989921
12619,3077.7942145873694
12628,2021.0676077889036
12629,10405.181592514811
12631,46651.36674522166
12639,14322.574770336198
12641,56734.347895517996
12644,14931.544395611723
12647,37638.25015501387
12659,1589.7780802312195
12664,14371.16258506016
12670,4712.270275799484
12678,27103.397387792615
12687,32704.996860359548
12688,9277.017397626807
12691,825.8846839552884
12692,14728.602235518996
12693,30560.86168704446
12694,16001.503455989188
12697,19930.455102321404
12700,22918.33010784477
12701,35255.43810629893
12703,19605.586143982895
12709,3278.656023041697
12714,11652.602294627093
12721,38685.76978625566
12724,1772.8572477540822
12740,34087.875897373175
12742,15152.311760954019
12748,10583.763479686602
12760,52670.13805106599
12762,8253.023116578746
